{"epoch": 29, "percent_div": -1.6198843439831715e-09, "_timestamp": 1667972027.283672, "_runtime": 6369.540892124176, "_step": 179, "sparsity": 1.0, "_wandb": {"runtime": 6368}}