{"epoch": 1, "percent_div": 1.0551030137517835e-09, "_timestamp": 1667898655.5636022, "_runtime": 4795.675404310226, "_step": 43, "sparsity": 1.0}