{"epoch": 29, "percent_div": 0.038577096596192045, "_timestamp": 1668098082.7745621, "_runtime": 7271.476219177246, "_step": 179, "sparsity": 0.9221273064613342, "_wandb": {"runtime": 7268}}