{"epoch": 14, "percent_div": 0.1472237108083633, "_timestamp": 1667893751.6537335, "_runtime": 3104.7147974967957, "_step": 29, "sparsity": 0.6666671633720398}