{"epoch": 29, "percent_div": 0.32503106023093264, "_timestamp": 1667927368.7394772, "_runtime": 6857.916552066803, "_step": 179, "sparsity": 0.35567793250083923, "_wandb": {"runtime": 6857}}