{"epoch": 19, "percent_div": 1.8363034874497542e-09, "_timestamp": 1667909998.476023, "_runtime": 8088.833104848862, "_step": 119, "sparsity": 1.0, "_wandb": {"runtime": 8087}}