{"epoch": 29, "percent_div": 0.11102259721476448, "_timestamp": 1668089065.9821258, "_runtime": 7175.413323640823, "_step": 179, "sparsity": 0.6688794493675232, "_wandb": {"runtime": 7174}}