{"epoch": 29, "percent_div": -3.2574364941217866e-09, "_timestamp": 1667988018.0752916, "_runtime": 7599.459104537964, "_step": 179, "sparsity": 1.0, "_wandb": {"runtime": 7598}}