{"epoch": 7, "percent_div": 0.12865995760306895, "_timestamp": 1667901815.580893, "_runtime": 1353.5668160915375, "_step": 15, "sparsity": 0.7004926800727844}