{"epoch": 7, "percent_div": 0.1485008743859617, "_timestamp": 1667900326.697412, "_runtime": 1416.491110086441, "_step": 15, "sparsity": 0.6635842323303223}