{"epoch": 4, "percent_div": 2.9193206591290866e-09, "_timestamp": 1667965530.6098351, "_runtime": 380.14847803115845, "_step": 9, "sparsity": 1.0}